<?xml version="1.0" encoding="UTF-8"?>
<library xmlns="http://www.netbeans.org/ns/library-declaration/3" version="3.0">
    <name>Commons Lang</name>
    <type>j2se</type>
    <display-name>Commons Lang</display-name>
    <volume>
        <type>classpath</type>
        <resource>jar:file:/N:/Google%20Drive/Professionnel/Programmation/Java/Librairies/commons-lang3-3.3.2/commons-lang3-3.3.2.jar!/</resource>
    </volume>
    <volume>
        <type>src</type>
    </volume>
    <volume>
        <type>javadoc</type>
        <resource>jar:file:/N:/Google%20Drive/Professionnel/Programmation/Java/Librairies/commons-lang3-3.3.2/commons-lang3-3.3.2-javadoc.jar!//</resource>
    </volume>
    <volume>
        <type>maven-pom</type>
    </volume>
    <properties/>
</library>
