<?xml version="1.0" encoding="UTF-8"?>
<library xmlns="http://www.netbeans.org/ns/library-declaration/3" version="3.0">
    <name>JDom</name>
    <type>j2se</type>
    <display-name>JDom</display-name>
    <volume>
        <type>classpath</type>
        <resource>jar:file:/N:/Google%20Drive/Jeux%20et%20Loisirs/Programmation/Java/Librairies/jdom-2.0.5/jdom-2.0.5.jar!/</resource>
    </volume>
    <volume>
        <type>src</type>
        <resource>jar:file:/N:/Google%20Drive/Jeux%20et%20Loisirs/Programmation/Java/Librairies/jdom-2.0.5/jdom-2.0.5-sources.jar!//</resource>
    </volume>
    <volume>
        <type>javadoc</type>
        <resource>jar:file:/N:/Google%20Drive/Jeux%20et%20Loisirs/Programmation/Java/Librairies/jdom-2.0.5/jdom-2.0.5-javadoc.jar!//</resource>
    </volume>
    <volume>
        <type>maven-pom</type>
    </volume>
    <properties/>
</library>
