<?xml version="1.0" encoding="UTF-8"?>
<library xmlns="http://www.netbeans.org/ns/library-declaration/3" version="3.0">
    <name>SwingX</name>
    <type>j2se</type>
    <display-name>SwingX</display-name>
    <volume>
        <type>classpath</type>
        <resource>jar:file:/N:/Google%20Drive/Jeux%20et%20Loisirs/Programmation/Java/Librairies/SwingX/swingx-all-1.6.4.jar!/</resource>
    </volume>
    <volume>
        <type>src</type>
    </volume>
    <volume>
        <type>javadoc</type>
        <resource>jar:file:/N:/Google%20Drive/Jeux%20et%20Loisirs/Programmation/Java/Librairies/SwingX/swingx-all-1.6.4-javadoc.jar!//</resource>
    </volume>
    <volume>
        <type>maven-pom</type>
    </volume>
    <properties/>
</library>
