<?xml version="1.0" encoding="UTF-8"?>
<!DOCTYPE fontscolors PUBLIC "-//NetBeans//DTD Editor Fonts and Colors settings 1.1//EN" "http://www.netbeans.org/dtds/EditorFontsColors-1_1.dtd">
<fontscolors>
    <fontcolor name="identifier"/>
    <fontcolor default="field" name="markup-attribute"/>
    <fontcolor default="identifier" name="method"/>
    <fontcolor foreColor="ff33cc00" name="string"/>
    <fontcolor default="keyword" name="markup-element"/>
    <fontcolor default="string" foreColor="ffc10087" name="markup-attribute-value"/>
    <fontcolor bgColor="red" foreColor="white" name="error"/>
    <fontcolor default="default" name="entity-reference"/>
    <fontcolor name="separator"/>
    <fontcolor name="operator"/>
    <fontcolor name="url" underline="blue"/>
    <fontcolor name="number"/>
    <fontcolor bgColor="ff121e31" foreColor="lightGray" name="default"/>
    <fontcolor default="identifier" name="field"/>
    <fontcolor name="char"/>
    <fontcolor name="warning" waveUnderlined="orange"/>
    <fontcolor foreColor="ff435a5f" name="comment">
        <font style="italic"/>
    </fontcolor>
    <fontcolor foreColor="ff0099ff" name="keyword"/>
    <fontcolor name="whitespace"/>
</fontscolors>
